,Département,école,collège,lycée,multi
0,2A,0.9157346400239794,0.8863581603107782,0.7414312824694385,0.28419350897295914
1,2B,0.8188942011690472,0.8770278948124893,0.7410205179599649,0.3225946853090186
